OnEk	OnEkAciklamasi	NetCarpan
LILA	LİLAX	1.213931
PEPE	PEPE	1.233377
BULSE	BULŞEN	1.213931
ORYE	ORYEDA	1.213931
RON	RONİX	1.161152
SUGAR	SUGAR	1.222265
MISS	MİSSE	1.733394
WOOD	BABYWOOD	2.166743
BELA	BELLAROSE	1.161152
BABYIM	BABYİM	1.172430
ZADE	BEBEZADE	1.211154
OKYA	OKYANUS	1.244488
BABYGO	BABYGO	1.233377
BONTI	BONTİNO 	1.007563
DEFNE	DEFNE BABY KİDS	1.222265
CIVE	CİVELEK	1.161152
ENES	ENES	1.144929
MYBEL	MY BELLA	2.155631
CITY	CİTY WEAR	1.140040
MYMIO	MYMİO	1.222265
EFDI	EFDİES KİDS	1.213931
PEPEL	PEPELİNO	1.100039
ELCI	MC.ELCİ	1.031842
ERAY	ERAY	1.213931
TTMX	TİTİMİX	1.073149
FAVO	FAVO	1.219487
CELI	BY ÇELİKS	1.029480
ZEYN	MİNİZEYN	1.211154
STAR	STARLET	1.233377
HIPP	HİPPIL	1.244488
HIPP	HİPPIL	1.244488
PAM	PAMTİME	1.213931
CRO	CROCODAYS	1.161152
CRO	CROCODAYS	1.161152
JIKK	JİKKO	2.058405
POP	JOLLYPOP	1.029480
JOY	JOLLY JOY	2.166743
CLASS	JUNİOR CLASS	1.213931
PINK	KUTLUHAN KİDS	1.233377
BPINK	BABYPİNK	1.161152
TERY	TERY	1.220043
DECO	DECO SPORT	1.126151
LILI	LİLİTOP	1.145107
TILL	TİLLY	1.222265
CLUP	MİNİ CLUP	1.213931
MERT	MERTCAN	1.211154
HERO	MİNİ HERO	1.022258
MISIL	MIŞIL	1.167708
CUEN	CUENTO	1.082705
MELI	MİSS MELİNDA	1.222265
MENA	MENA	1.255600
LOOX	MİNİLOOX	1.233377
ELIT	MİSS ELİTE	1.222265
PRET	MİSS PRETTY	0.936033
ANIL	ANILÇO	2.211189
BOBI	BOBİŞKO	1.244488
WORLD	MİNİWORLD	1.200042
PANDA	PANDA KİDS	1.211154
BJOY	BELLO JOY	0.971145
NAZAR	NAZAR	1.182264
SUPER	SÜPERMİNİ	1.185597
LOLI	AÇOCUK	1.222265
PUAN	PUAN	1.161152
BEBE	BEBETOLİA	1.277823
RCWL	RCW LOVE	1.038925
ROYA	ROYA KİDS	1.114706
RAME	RAMEL	1.200042
REIS	RCW RİMİNİ	1.233377
MASK	MASKOT	1.100039
RISA	SERAMİS	1.222265
SEAL	SEALY	1.222265
TOFI	TOFİGO	1.136706
MDMOD	MIDIMOD GOLD	1.213931
SEKE	ŞEKER BEBE	0.933366
SOSO	SOSO	1.076704
BIZ	BİZİZO	1.222265
TJS	TJS	1.004480
TAFY	TAFYY	1.222265
VIA	VİA GİRLS	1.222265
MODI	MODİMİX	1.100039
TIMO	TİMO	1.011369
MAMI	MAMY	1.144929
RAM	RAM ÇOCUK	1.241710
PICOS	PİCOSSA KİDS	1.213931
LIMON	LİMONES BEBE	1.213931
BABYMII	BABY Mİİ	1.158374
PANI	PANİNO	1.038925
VITAL	VİTAL	1.161152
MOES	BABY MOES	1.213931
MESSY	MESSY	1.220043
BUPPER	BUPPER	1.233377
GAMZ	GAMZELİM	1.277823
OZKB	OZCAN TEST	1.277823
OZBK	OZCAN 2 TEST	1.277823
ALI	ALİHAN	1.277823
ABCD	ABC MARKA	1.277823
MIA	MİALUCE	1.076704
POLLA	POLLA	1.211154
CONC	CONCEPT	1.124484
SURV	SURVIVOR LİFE	1.100039
ROSE	BABYROSE	1.222265
MUNDO	MUNDO COLLECTION	0.993146
COOL	COOL BABY	1.222265
POL	POLLİTO	1.020036
MPOL	MİNİPOLİ	1.020036
BYHAS	BAYHAS	1.104928
BEBOO	BEBOO TBC	1.182264
HONEY	HONEY KİDS	0.971145
CILEK	ÇİLEK BEBE	1.173374
OZKT	ÖZCAN BABY	1.277823
OLIV	LİV OLİVİA	0.941700
MAMMA	MAMMA	1.100039
BUUDE	BUUDE KİDS	1.050037
GOLD	BABY GOLDEN	1.161152
LUCY	LUCY BABY	1.266711
MINICE	MİNİCE BEBE	1.233377
BONC	BONCUK BEBE	1.029480
JNF	JNF KİDS	1.120039
MINIK	MİNİKA KİDS	1.211154
QX	QX	1.222265
BOSS	BOSS	1.211154
YTM	YTM BEBE	1.222265
TUF	TUFFO BELEZZA KİDS	1.300046
SNOOP	SNOOP KİDS	1.020036
LINK	BEBELİNK	1.211154
VIOL	VIOLETTE	1.090038
MOTHE	MOTHER&ÇOJOK	1.213931
EBRU	EBRULİ KİDS	1.213931
MONDE	LA MONDE	1.161152
FEEL	FEELY KİDS	1.222265
MUTTI	MUTTİ MİNİGO	0.960034
HERRY	HERRY BABY	1.244488
SEMP	MİNİ SEMPATİK	1.222265
BORN	MİNİBORN	1.244488
DIFA	DİFA	0.968923
KITTI	KİTTİ	1.038925
LADY	LADY GOLD	1.153235
LC	LC JUNİOR	1.207153
TEMIZ	TEMİZ BABY	1.090038
BEDEX	BEBEDEX'S	1.211154
VMAY	VİOMAY	1.090038
BLUE	ROSSA & BLUE	1.161152
CARI	CARİNOS	1.220043
ANGEL	MERY ANGEL	1.220043
RUHA	RUHAT KİDS	1.161152
NICE	SO NİCE	1.172430
MARY	MİSS MARY LOVİES	1.211154
PENGIM	PENGİM	1.266711
PLIFE	PRETTY LİFE	1.095149
MIO	MİOMİNİ	1.222265
MINA	MİNAMİNO	1.225043
AKKON	AKKON	1.213931
FONI	POLİFONİ	1.211154
ANT	ANT KİDS	1.057815
SPORT	BABYSPORT	0.977812
FONTE	MİNİFONTE	0.977812
JCOM	JANİCOM	0.977812
BUBB	BY BUBBLES	1.002257
ESYA	ESYA BABY	1.002257
CCX	ÇOCUX	1.213931
CAT	CAT KİDS	1.038925
CSW	CSW	1.038925
LUGU	LUGU	1.213931
POINT	BLUE POİNT	1.222265
FLAM	BABY FLAMİNDO	1.166708
AMAN	AMANTE BABY	1.100039
EFSA	EFSABELLA BABY	1.100039
OZL	ÖZEL	1.090038
BIP	BİP BABY	0.916699
BONI	BONİTO KİDS	1.161152
IRAY	İRAY KİDS	1.222265
LUMI	LUMİA BABY	1.186153
ELISS	ELİSS GİRL WEAR	1.255600
RUBY	RUBY BABY	1.161152
PPL	POPOLİN KİDS	1.222265
PATO	PATOPAMPA	1.029480
XMAX	X MAX	1.213931
LTREND	LOVE TREND	1.213931
COS	COŞAY BEBE	1.244488
FEKRA	FEKRA BABY	1.100039
BSR	BSR KİDS	1.161152
SAL	SALLY BEBE	1.150596
TEEN	JUSTTEEN	1.004480
CARIN	CARİNO'S KİDS	1.277823
MEL	MİNİEL	1.222265
MKEL	MİNİKEL	1.222265
PAR	PARTNER BABY	1.014536
ALGIY	AL-GİY	1.140040
ECR	ECRİX KİDS	1.222265
LEVIA	MİSS LEVİA	1.029592
UNAY	ÜNAYSİ BEBE	1.161152
FMN	FMN BUSELİ BEBE FEHMİ GÜNGÖR	1.222265
LUPI	LUPİTA BEBE	1.277823
NANA	NANA BABY	1.161152
WOMI	WOMİ KİDS	1.222265
AYBU	AYBÜŞ BABY	0.859030
MNT	MNT KİDS	1.090038
LOOP	BABY LOOP'S	1.161152
LOLA	LOLA BABY	1.029480
ONE	ONE BOYS	1.161152
HUNNY	HUNNYBABY	1.222265
NIBB	NİBBY BABY	0.977812
LIKE	MY LİKE KİDS	1.207153
ZAD	ZADE KİDS	1.144929
POOKİE	POOKİE BABY	1.222265
SJOB	SEENJOB KDS	1.211154
FUNN	FUNNY BABY	0.977812
CEY	N-CEY	0.977812
JOJO	JOJO MİNİ	0.977812
TMER	TRİKOMER	1.222265
UKO	UKO BABY	1.222265
MON	DB MOON BABY	0.977812
PALL	MİSS PALLONE	1.222265
LUCIA	LUCİANA	1.222265
CARMIN	CARMİN BABY	1.158513
MOEB	MOEBOON	1.222265
CHN	CHN KİDS	1.100039
VALOR	VALORYA	1.213931
TAS	TAŞKİDS	1.100039
VIPS	VIPS	1.266711
PAFF	PAFFUTO	1.029480
CHOI	BABY CHOİCE	1.222265
TROL	TROLLY KİDS	1.222265
URZA	URZALO BABY	1.222265
CASSI	CASSİOPE BABY	-1.298395
WNT	WİNTER	1.014536
TIX	MINITIX	1.244488
FRED	BY FRED	1.126151
MES	MESSINHO	1.126151
MIXIMA	MİXİMA KİDS	1.213931
MAXI	BY MAXİ CLUP 	1.213931
GULSE	GÜLSEN BEBE	1.222265
BEBLY	BEBLY KİDS	1.136706
YUFII	YUFİİ	1.068260
MTIX	MİNİTİX	1.244488
MCIX	MİNİCİX	1.161152
HUX	BABY HUX	0.971145
ILO	İLO KİDS&FAMİLY	1.222265
CARA	CARAVAN	1.222265
LORIT	LORİT BABY&KİDS	1.222265
PODIUM	PODİUMİNİ	1.213931
BEBINNI	BEBİNNİ KİDS	1.255600
WISI	WİSİON KİDS	0.971145
CAN	CANÖZ BEBE	1.150596
OYKU	ÖYKÜM KİDS CLUB	1.161152
ENBA	ENBAMİX KİDS	0.953367
LYON	LYON	1.130595
OZGUL	ÖZGÜL BEBE	2.055628
TOGI	TOGİ KİDS	1.031842
ARD	ARD KİDSWEAR	1.211154
BALL	BALLON BABY	1.222265
WISS	WİSS KİDS	1.222265
SERDE	NZ SERDE BEBE	1.185597
NINO	NAY NİNO	1.211154
TONGS	TONGS BEBE	1.100039
RAV	RAVZA	1.075593
PIO	PİO KİDS	1.110039
WINN	WİNNER BABY	1.161152
PATP	PATPATBABY	1.222265
MIRB	MİRABELBABY	1.222265
PIET	PİETRA BABY KİDS	1.222265
METEX	METEX KİDS BABY	1.266711
MITY	KİTY MİTY	1.213931
PAKEL	MİNİ PAKEL	1.100039
LUSA	MY LUSA	1.186153
MKON	MİNİKON	1.222265
TRADE	TRADE MARK	1.222265
ERS	ERSOY ÇOCUK	0.977812
POKIPO	POKİPO BABY	1.200042
CODE	CODE TEKSTİL	1.255600
ERCAN	ERCAN BEBE	1.153235
COCO	MİMİ COCO	1.222265
HIBABY	BABY Hİ	1.213931
FERY	FERY BABY	1.213931
VANES	VANESSA	1.222265
SD	SD BABY	0.950033
MINIMAL	BABY MİNİMAL	1.014536
MNKAY	MİNİKAY	1.211154
MDUNYA	MİNİDÜNYA 	2.166743
EPANY	EPANY	1.222265
LAVIN	LAVİN ELEGANT	0.975367
MSC	MSC	1.222265
CUNO	CANCUNO	1.136706
MIDI	MIDIKON	1.161152
ZABEL	ZABEL	1.244488
ANNORA	ANNORA BABY	1.277823
LOMIX	LOMİX KİDS	1.038925
LORE	MİSS LORE	1.038925
LESSOT	LESSOTTO KİDS	0.986701
CIT	ÇITÇIT	1.222265
TABU	TABU	1.244488
TABU	TABU	1.244488
BICCO	HAPPY BİCCO BABY	2.211189
LILY	LİLYGİRL	0.977812
KIGGY	KİGGY GİRL	0.977812
TROY	TROY	1.222265
ZEYU	ZEYUBABY	1.161152
SHINE	SHINE BABY	1.038925
DODO	DODO MİDO	1.213931
IKLI	İKLİMİX	1.022258
EKY	EKY STAR	1.277823
PAN	PANTUSH	1.277823
EXE	EXELANCE	1.244488
UCCE	UCCELLİNO BABY & KİDS	1.222265
BEBIMO	BEBİMO	1.233377
VAYA	VAYA	1.222265
LOYAX	LOYAX KİDS WEAR	1.244488
MCT	MCT CLASS	1.244488
QUEEN	QUEEN PERY	1.222265
EMI	EMI CLASS	1.066704
DMR	DEMİRDAĞ TEKSTİL	0.313900
